<?xml version="1.0" encoding="UTF-8"?>
<project xmlns="http://www.netbeans.org/ns/project/1">
    <type>org.netbeans.modules.ant.freeform</type>
    <configuration>
        <general-data xmlns="http://www.netbeans.org/ns/freeform-project/1">
            <name>httpsfinder</name>
        </general-data>
        <general-data xmlns="http://www.netbeans.org/ns/freeform-project/2">
            <!-- Do not use Project Properties customizer when editing this file manually. -->
            <name>httpsfinder</name>
            <properties/>
            <folders>
                <source-folder>
                    <label>Source Packages</label>
                    <location>src</location>
                    <encoding>UTF-8</encoding>
                </source-folder>
                <source-folder>
                    <label>Source Packages</label>
                    <location>src</location>
                    <excludes>*dist*/*,*dist*/**/*,build*/**,build*/**/*,nbproject*/**,nbproject*/**/*</excludes>
                    <encoding>UTF-8</encoding>
                </source-folder>
                <source-folder>
                    <label>foxbeans-template</label>
                    <location>.</location>
                    <encoding>UTF-8</encoding>
                </source-folder>
            </folders>
            <ide-actions>
                <action name="build">
                    <target>dist</target>
                </action>
                <action name="clean">
                    <target>clean</target>
                </action>
                <action name="debug">
                    <target>debug</target>
                </action>
                <action name="run">
                    <target>test</target>
                </action>
                <action name="rebuild">
                    <target>clean</target>
                    <target>dist</target>
                </action>
                <action name="test">
                    <target>test</target>
                </action>
            </ide-actions>
            <view>
                <items>
                    <source-folder style="packages">
                        <label>Source Packages</label>
                        <location>src</location>
                        <excludes>*dist*/*,*dist*/**/*,build*/**,build*/**/*,nbproject*/**,nbproject*/**/*</excludes>
                    </source-folder>
                    <source-file>
                        <location>build.xml</location>
                    </source-file>
                </items>
                <context-menu>
                    <ide-action name="build"/>
                    <ide-action name="rebuild"/>
                    <ide-action name="clean"/>
                    <ide-action name="run"/>
                    <ide-action name="debug"/>
                    <action>
                        <label>Profile Manager</label>
                        <target>Profile</target>
                    </action>
                    <action>
                        <label>Native2Ascii</label>
                        <target>convert2ascii</target>
                    </action>
                </context-menu>
            </view>
            <subprojects/>
        </general-data>
    </configuration>
</project>
